Layer,Config,Model,Acc,F1,AUC,Speaker_Vote,Speaker_F1,Speaker_Acc
6,EN -> EN,LR,0.7379139072847682,0.6628328008519702,0.8042734929463823,-,0.0,0.0
6,EN -> EN,SVM-Linear,0.7284768211920529,0.6476149548775247,0.789963406936146,-,0.0,0.0
6,EN -> EN,SVM-RBF,0.7246688741721854,0.5580653733723093,0.7583105081873831,-,0.0,0.0
6,EN -> EN,GRU,0.4782608695652174,0.3333333333333333,0.5980392156862746,-,0.3333333333333333,0.4782608695652174
6,EN -> EN,CLeaD,0.7241721854304636,0.5928641251221897,0.7536872744274432,-,0.0,0.0
6,EN -> ZH,LR,0.49582289055973267,0.2544780728844966,0.48068756460760487,"0/5 MDD, 5/5 HC",0.0,0.5
6,EN -> ZH,SVM-Linear,0.4949874686716792,0.19130434782608696,0.5139098427066745,"0/5 MDD, 5/5 HC",0.0,0.5
6,EN -> ZH,SVM-RBF,0.48913951545530493,0.22447685478757134,0.538536166289498,"0/5 MDD, 5/5 HC",0.0,0.5
6,EN -> ZH,GRU,0.3,0.46153846153846156,0.4,"3/5 MDD, 0/5 HC",0.46153846153846156,0.3
6,EN -> ZH,CLeaD,0.49415204678362573,0.274415817855003,0.5278406392311347,"0/5 MDD, 5/5 HC",0.0,0.5
6,ZH -> EN,LR,0.5432119205298013,0.42171452525675956,0.5356826249867025,-,0.0,0.0
6,ZH -> EN,SVM-Linear,0.543046357615894,0.41000427533133815,0.5343408753322585,-,0.0,0.0
6,ZH -> EN,SVM-RBF,0.5420529801324503,0.2954661232806928,0.5193429605482858,-,0.0,0.0
6,ZH -> EN,GRU,0.6956521739130435,0.0,0.40196078431372545,-,0.0,0.6956521739130435
6,ZH -> EN,CLeaD,0.5254966887417218,0.33037383177570095,0.510877508810978,-,0.0,0.0
6,ZH -> ZH,LR,0.5363408521303258,0.44108761329305135,0.536750202553572,"1/5 MDD, 5/5 HC",0.3333333333333333,0.6
6,ZH -> ZH,SVM-Linear,0.5538847117794486,0.466,0.5613199508283743,"2/5 MDD, 5/5 HC",0.5714285714285714,0.7
6,ZH -> ZH,SVM-RBF,0.5476190476190477,0.4494153533299441,0.5605788841393569,"2/5 MDD, 5/5 HC",0.5714285714285714,0.7
6,ZH -> ZH,GRU,0.8,0.75,0.8,"3/5 MDD, 5/5 HC",0.75,0.8
6,ZH -> ZH,CLeaD,0.5526315789473685,0.4636955433149725,0.5815899756935714,"2/5 MDD, 5/5 HC",0.5714285714285714,0.7
6,MIX -> EN,LR,0.6695364238410596,0.5453302961275627,0.7022814161703159,-,0.0,0.0
6,MIX -> EN,SVM-Linear,0.6629139072847682,0.5374829622898682,0.7000748958496381,-,0.0,0.0
6,MIX -> EN,SVM-RBF,0.6983443708609272,0.5138740661686233,0.7253926301194501,-,0.0,0.0
6,MIX -> EN,GRU,0.4782608695652174,0.4,0.6372549019607843,-,0.4,0.4782608695652174
6,MIX -> EN,CLeaD,0.6572847682119205,0.4980601357904947,0.6732327988183816,-,0.0,0.0
6,MIX -> ZH,LR,0.5037593984962406,0.42719382835101255,0.4808887212583466,"2/5 MDD, 4/5 HC",0.5,0.6
6,MIX -> ZH,SVM-Linear,0.5162907268170426,0.4411196911196911,0.5009324448914592,"2/5 MDD, 5/5 HC",0.5714285714285714,0.7
6,MIX -> ZH,SVM-RBF,0.5463659147869674,0.4419321685508736,0.5668294079848015,"2/5 MDD, 5/5 HC",0.5714285714285714,0.7
6,MIX -> ZH,GRU,0.7,0.5714285714285714,0.6399999999999999,"2/5 MDD, 5/5 HC",0.5714285714285714,0.7
6,MIX -> ZH,CLeaD,0.5543024227234754,0.5007019185774451,0.5745554298326488,"4/5 MDD, 5/5 HC",0.8888888888888888,0.9
7,EN -> EN,LR,0.7190397350993377,0.6438614900314795,0.7811299232260829,-,0.0,0.0
7,EN -> EN,SVM-Linear,0.7165562913907285,0.6407889215274863,0.7779699225049432,-,0.0,0.0
7,EN -> EN,SVM-RBF,0.7220198675496688,0.5658132919575899,0.7436523886976396,-,0.0,0.0
7,EN -> EN,GRU,0.4782608695652174,0.3333333333333333,0.588235294117647,-,0.3333333333333333,0.4782608695652174
7,EN -> EN,CLeaD,0.7256622516556291,0.5856464116029008,0.7530308462729554,-,0.0,0.0
7,EN -> ZH,LR,0.4678362573099415,0.33228511530398325,0.4725078926046992,"0/5 MDD, 5/5 HC",0.0,0.5
7,EN -> ZH,SVM-Linear,0.467000835421888,0.29812981298129815,0.46584108624591397,"0/5 MDD, 5/5 HC",0.0,0.5
7,EN -> ZH,SVM-RBF,0.4573934837092732,0.16784112748238308,0.46284748414494453,"0/5 MDD, 5/5 HC",0.0,0.5
7,EN -> ZH,GRU,0.5,0.6153846153846154,0.6800000000000002,"4/5 MDD, 1/5 HC",0.6153846153846154,0.5
7,EN -> ZH,CLeaD,0.49331662489557226,0.3585404547858276,0.5080553460173777,"0/5 MDD, 5/5 HC",0.0,0.5
7,ZH -> EN,LR,0.5577814569536423,0.3687071614275585,0.5608655634423245,-,0.0,0.0
7,ZH -> EN,SVM-Linear,0.5334437086092715,0.353966070609812,0.5199109177565249,-,0.0,0.0
7,ZH -> EN,SVM-RBF,0.5158940397350993,0.32063197026022305,0.4935354721333831,-,0.0,0.0
7,ZH -> EN,GRU,0.7391304347826086,0.0,0.30392156862745096,-,0.0,0.7391304347826086
7,ZH -> EN,CLeaD,0.5394039735099337,0.3154527559055118,0.5229747466190906,-,0.0,0.0
7,ZH -> ZH,LR,0.5221386800334169,0.4521072796934866,0.5193291984466236,"2/5 MDD, 5/5 HC",0.5714285714285714,0.7
7,ZH -> ZH,SVM-Linear,0.5384294068504595,0.4553967471660917,0.530239152906993,"3/5 MDD, 5/5 HC",0.75,0.8
7,ZH -> ZH,SVM-RBF,0.5271512113617377,0.4271255060728745,0.5237050540608499,"2/5 MDD, 5/5 HC",0.5714285714285714,0.7
7,ZH -> ZH,GRU,0.7,0.5714285714285714,0.72,"2/5 MDD, 5/5 HC",0.5714285714285714,0.7
7,ZH -> ZH,CLeaD,0.5505430242272348,0.45158002038735984,0.5665790098622636,"2/5 MDD, 5/5 HC",0.5714285714285714,0.7
7,MIX -> EN,LR,0.6789735099337748,0.5645632158095666,0.7043055024749777,-,0.0,0.0
7,MIX -> EN,SVM-Linear,0.6624172185430464,0.5354294827979038,0.6915578062118544,-,0.0,0.0
7,MIX -> EN,SVM-RBF,0.6824503311258279,0.5005208333333333,0.6910124144676384,-,0.0,0.0
7,MIX -> EN,GRU,0.43478260869565216,0.38095238095238093,0.6274509803921569,-,0.38095238095238093,0.43478260869565216
7,MIX -> EN,CLeaD,0.6158940397350994,0.46642134314627415,0.624063607864291,-,0.0,0.0
7,MIX -> ZH,LR,0.47201336675020883,0.4352100089365505,0.45697482748023355,"3/5 MDD, 4/5 HC",0.6666666666666666,0.7
7,MIX -> ZH,SVM-Linear,0.48872180451127817,0.43956043956043955,0.47558111921325397,"3/5 MDD, 5/5 HC",0.75,0.8
7,MIX -> ZH,SVM-RBF,0.5183792815371763,0.411434405308831,0.5202120526359902,"2/5 MDD, 5/5 HC",0.5714285714285714,0.7
7,MIX -> ZH,GRU,0.8,0.75,0.6,"3/5 MDD, 5/5 HC",0.75,0.8
7,MIX -> ZH,CLeaD,0.5254803675856308,0.4914950760966876,0.5270828094878887,"3/5 MDD, 5/5 HC",0.75,0.8
8,EN -> EN,LR,0.6822847682119205,0.6082874055929781,0.745418106408938,-,0.0,0.0
8,EN -> EN,SVM-Linear,0.6745033112582781,0.598119378577269,0.737011814393447,-,0.0,0.0
8,EN -> EN,SVM-RBF,0.6710264900662252,0.49272402348736277,0.6972194691958133,-,0.0,0.0
8,EN -> EN,GRU,0.8260869565217391,0.6,0.6862745098039216,-,0.6,0.8260869565217391
8,EN -> EN,CLeaD,0.6581125827814569,0.5458544095007697,0.6948686612387772,-,0.0,0.0
8,EN -> ZH,LR,0.4899749373433584,0.39940973930152485,0.4919167155589082,"0/5 MDD, 5/5 HC",0.0,0.5
8,EN -> ZH,SVM-Linear,0.48412698412698413,0.3815723585378067,0.4916897158662308,"0/5 MDD, 5/5 HC",0.0,0.5
8,EN -> ZH,SVM-RBF,0.48329156223893066,0.319956019791094,0.5142283407370156,"0/5 MDD, 5/5 HC",0.0,0.5
8,EN -> ZH,GRU,0.4,0.5714285714285714,0.64,"4/5 MDD, 0/5 HC",0.5714285714285714,0.4
8,EN -> ZH,CLeaD,0.49707602339181284,0.4737762237762238,0.49023936244517086,"2/5 MDD, 4/5 HC",0.5,0.6
8,ZH -> EN,LR,0.5466887417218543,0.35908239700374533,0.5361936312619312,-,0.0,0.0
8,ZH -> EN,SVM-Linear,0.5375827814569536,0.37836634765190297,0.5229264517503218,-,0.0,0.0
8,ZH -> EN,SVM-RBF,0.508112582781457,0.3047039550666979,0.4715959907975889,-,0.0,0.0
8,ZH -> EN,GRU,0.43478260869565216,0.0,0.3235294117647059,-,0.0,0.43478260869565216
8,ZH -> EN,CLeaD,0.5200331125827815,0.32123624443924137,0.47704477429819914,-,0.0,0.0
8,ZH -> ZH,LR,0.49874686716791977,0.4111874386653582,0.5005510854077613,"2/5 MDD, 5/5 HC",0.5714285714285714,0.7
8,ZH -> ZH,SVM-Linear,0.5162907268170426,0.4384093113482056,0.5098322297655966,"2/5 MDD, 5/5 HC",0.5714285714285714,0.7
8,ZH -> ZH,SVM-RBF,0.5171261487050961,0.4202607823470411,0.5054689464420418,"2/5 MDD, 5/5 HC",0.5714285714285714,0.7
8,ZH -> ZH,GRU,0.7,0.5714285714285714,0.8,"2/5 MDD, 5/5 HC",0.5714285714285714,0.7
8,ZH -> ZH,CLeaD,0.5029239766081871,0.3432671081677704,0.4892793283602939,"0/5 MDD, 5/5 HC",0.0,0.5
8,MIX -> EN,LR,0.669205298013245,0.5643262102049716,0.7004068111405577,-,0.0,0.0
8,MIX -> EN,SVM-Linear,0.6516556291390728,0.5396061269146608,0.6773695020709484,-,0.0,0.0
8,MIX -> EN,SVM-RBF,0.6736754966887417,0.5557809330628803,0.6964937925273929,-,0.0,0.0
8,MIX -> EN,GRU,0.30434782608695654,0.38461538461538464,0.6274509803921569,-,0.38461538461538464,0.30434782608695654
8,MIX -> EN,CLeaD,0.6008278145695364,0.438126310883244,0.5868323831362676,-,0.0,0.0
8,MIX -> ZH,LR,0.4615705931495405,0.4339042599912165,0.4512837705696645,"2/5 MDD, 3/5 HC",0.4444444444444444,0.5
8,MIX -> ZH,SVM-Linear,0.47702589807852963,0.43450767841011745,0.4778085100438633,"2/5 MDD, 3/5 HC",0.4444444444444444,0.5
8,MIX -> ZH,SVM-RBF,0.4628237259816207,0.41278538812785387,0.44835652222501604,"2/5 MDD, 4/5 HC",0.5,0.6
8,MIX -> ZH,GRU,0.8,0.75,0.6,"3/5 MDD, 5/5 HC",0.75,0.8
8,MIX -> ZH,CLeaD,0.49958228905597324,0.44175209692451073,0.5123260833123795,"2/5 MDD, 5/5 HC",0.5714285714285714,0.7
9,EN -> EN,LR,0.6834437086092715,0.6165262735659848,0.754534195692241,-,0.0,0.0
9,EN -> EN,SVM-Linear,0.6758278145695364,0.6047638272103351,0.7431401884825155,-,0.0,0.0
9,EN -> EN,SVM-RBF,0.6814569536423841,0.5332362930616206,0.709195880286512,-,0.0,0.0
9,EN -> EN,GRU,0.8260869565217391,0.6,0.5686274509803921,-,0.6,0.8260869565217391
9,EN -> EN,CLeaD,0.6543046357615894,0.5392762577228597,0.6870005973281297,-,0.0,0.0
9,EN -> ZH,LR,0.4724310776942356,0.22940817571690056,0.46367725532925436,"0/5 MDD, 5/5 HC",0.0,0.5
9,EN -> ZH,SVM-Linear,0.4724310776942356,0.21795665634674924,0.4714720755454977,"0/5 MDD, 5/5 HC",0.0,0.5
9,EN -> ZH,SVM-RBF,0.5050125313283208,0.41654357459379615,0.5143652390132148,"0/5 MDD, 4/5 HC",0.0,0.4
9,EN -> ZH,GRU,0.4,0.4,0.4000000000000001,"2/5 MDD, 2/5 HC",0.4,0.4
9,EN -> ZH,CLeaD,0.5271512113617377,0.4271255060728745,0.5405878942810047,"1/5 MDD, 5/5 HC",0.3333333333333333,0.6
9,ZH -> EN,LR,0.544205298013245,0.26449372161367884,0.5480514841210172,-,0.0,0.0
9,ZH -> EN,SVM-Linear,0.5475165562913907,0.2756427246223165,0.5364307477251564,-,0.0,0.0
9,ZH -> EN,SVM-RBF,0.5072847682119205,0.24658227848101266,0.46104514394199075,-,0.0,0.0
9,ZH -> EN,GRU,0.43478260869565216,0.3157894736842105,0.4215686274509804,-,0.3157894736842105,0.43478260869565216
9,ZH -> EN,CLeaD,0.5451986754966888,0.27270320360074135,0.5096916877068725,-,0.0,0.0
9,ZH -> ZH,LR,0.5200501253132832,0.45725082664147376,0.5081824658452769,"2/5 MDD, 5/5 HC",0.5714285714285714,0.7
9,ZH -> ZH,SVM-Linear,0.5242272347535506,0.4665105386416862,0.5195478166121867,"2/5 MDD, 5/5 HC",0.5714285714285714,0.7
9,ZH -> ZH,SVM-RBF,0.5104427736006684,0.4343629343629344,0.5057657921940044,"2/5 MDD, 5/5 HC",0.5714285714285714,0.7
9,ZH -> ZH,GRU,0.6,0.3333333333333333,0.7200000000000002,"1/5 MDD, 5/5 HC",0.3333333333333333,0.6
9,ZH -> ZH,CLeaD,0.5229741019214703,0.43240556660039764,0.5199627022043416,"2/5 MDD, 5/5 HC",0.5714285714285714,0.7
9,MIX -> EN,LR,0.6754966887417219,0.5667550839964633,0.7054353277979891,-,0.0,0.0
9,MIX -> EN,SVM-Linear,0.6587748344370861,0.5418981995999111,0.6877715840155804,-,0.0,0.0
9,MIX -> EN,SVM-RBF,0.6695364238410596,0.5265654648956357,0.6858229547123076,-,0.0,0.0
9,MIX -> EN,GRU,0.391304347826087,0.36363636363636365,0.5882352941176471,-,0.36363636363636365,0.391304347826087
9,MIX -> EN,CLeaD,0.5862582781456953,0.40711743772241993,0.5547001175195039,-,0.0,0.0
9,MIX -> ZH,LR,0.4619883040935672,0.4414570685169124,0.44759380325762016,"2/5 MDD, 3/5 HC",0.4444444444444444,0.5
9,MIX -> ZH,SVM-Linear,0.47201336675020883,0.44851657940663175,0.4645349649372783,"2/5 MDD, 2/5 HC",0.4,0.4
9,MIX -> ZH,SVM-RBF,0.46616541353383456,0.40888066604995377,0.45241527673008686,"2/5 MDD, 4/5 HC",0.5,0.6
9,MIX -> ZH,GRU,0.5,0.0,0.6,"0/5 MDD, 5/5 HC",0.0,0.5
9,MIX -> ZH,CLeaD,0.5129490392648287,0.4661172161172161,0.5123229402397117,"3/5 MDD, 5/5 HC",0.75,0.8
